State,County,City,Title,Link,Price,Date Time,Location,Organiser,Website Link,Facebook Link,Twitter Link,Instagram Link
Massachusetts,Barnstable,Wellfleet,"Wellfleet OysterFest / Saturday October 14, 2023",https://www.eventbrite.com/e/wellfleet-oysterfest-saturday-october-14-2023-tickets-695436869397?aff=ebdssbdestsearch,,Saturday • 10:00 AM,"Wellfleet Town Hall 300 Main Street Wellfleet, MA 02667",Wellfleet Oyster Alliance - (Wellfleet SPAT),https://wellfleetspat.org,,https://www.twitter.com/wellfleetspat,
New York,Ulster,Accord,Wool & Folk™ Festival 2023.,https://www.eventbrite.com/e/wool-folktm-festival-2023-tickets-654293638887?aff=ebdssbdestsearch,,"Fri, Oct 20 •  12:00 PM ","Foreland 111 Water Street Catskill, NY 12404",Wool & Folk™,https://www.woolandfolk.com/about,,,
New York,New York,New York,2023 IFPDA Print Fair,https://www.eventbrite.com/e/2023-ifpda-print-fair-tickets-632870140627?aff=ebdssbdestsearch,,"Thu, Oct 26 •  12:00 PM ","Jacob K. Javits Convention Center 655 West 34th Street River Pavilion New York, NY 10001",IFPDA | International Fine Print Dealers Assoc,https://www.ifpda.org/,https://www.facebook.com/ifpda,,
Louisiana,Jefferson,Metairie,Top Taco NOLA 2023,https://www.eventbrite.com/e/top-taco-nola-2023-tickets-649869586427?aff=ebdssbdestsearch,,,"Lafreniere Park 3000 Downs Boulevard Metairie, LA 70003",Yeah You Right Events,https://www.foodfightnola.com,https://www.facebook.com/3048827882024044,,
California,San Francisco,San Francisco,How Weird Street Faire 2023,https://www.eventbrite.com/e/how-weird-street-faire-2023-tickets-665483287427?aff=ebdssbdestsearch,,Saturday • 12:00 PM,"Howard Street & 2nd Street 222 Second St. San Francisco, CA 94105",How Weird Street Faire,https://HowWeird.org,https://www.facebook.com/HowWeirdStreetFaire,https://www.twitter.com/@HowWeirdSF,
North Carolina,Guilford,Greensboro,"GHOE 2023 All Tickets, Sections,  & Access Passes",https://www.eventbrite.com/e/ghoe-2023-all-tickets-sections-access-passes-tickets-628677640747?aff=ebdssbdestsearch,,"Sun, Oct 29 •  10:00 PM ","North Carolina Agricultural and Technical State University 1601 East Market Street Greensboro, NC 27411",Six Stars Entertainment,,,,
Florida,Miami-Dade,Miami Beach,South Beach Seafood Festival,https://www.eventbrite.com/e/south-beach-seafood-festival-tickets-520838059657?aff=ebdssbdestsearch,,"Wed, Oct 18 •  6:30 PM ","Multiple Locations | Check Ticket for Details South Beach Miami Beach, FL 33139",South Beach Seafood Festival,,https://www.facebook.com/sobeseafoodfest,https://www.twitter.com/sobeseafoodfest,
Texas,Tarrant,Fort Worth,Christmas in Cowtown Holiday Gift Market,https://www.eventbrite.com/e/christmas-in-cowtown-holiday-gift-market-tickets-662519903867?aff=ebdssbdestsearch,,Today • 6:00 PM,"Will Rogers Memorial Center 3401 West Lancaster Avenue Fort Worth, TX 76107","The Junior League of Fort Worth, Inc.",,,,
,,,Career Fair: Exclusive Tech Hiring Event,https://www.eventbrite.com/e/career-fair-exclusive-tech-hiring-event-tickets-63168789550?aff=ebdssbdestsearch,,"Fri, Oct 27 •  9:00 AM ","Moved to Virtual Event Online San Francisco, CA 94013",Tech Career Fair,,,,
Ohio,Greene,Xenia,"Vintage Market Days®  presents ""Shiny & Bright"" October 27-29",https://www.eventbrite.com/e/vintage-market-days-presents-shiny-bright-october-27-29-tickets-645590387227?aff=ebdssbdestsearch,,"Fri, Oct 27 •  10:00 AM ","Greene County Fairgrounds 120 Fairground Rd Xenia, OH 45385",Vintage Market Days® of Dayton-Cincinnati,,https://www.facebook.com/VMDdaytoncincinnati/,,
Missouri,St. Louis,Saint Louis,St. Louis Street Food Festival,https://www.eventbrite.com/e/st-louis-street-food-festival-tickets-700360857177?aff=ebdssbdestsearch,,Saturday • 2:00 PM,"Ballpark Village 601 Clark Avenue St. Louis, MO 63102",A Taste of Your Town,,,,
Texas,Dallas,Dallas,Dallas Soul Food Festival,https://www.eventbrite.com/e/dallas-soul-food-festival-tickets-690409803307?aff=ebdssbdestsearch,,"Sun, Oct 22 •  12:00 PM ","Lofty Spaces 816 Montgomery Street Dallas, TX 75215",Elite Experience Events Cultural Organization,,https://www.facebook.com/events/404053007083516,,
Virginia,Clarke,Berryville,Fall Market 2023,https://www.eventbrite.com/e/fall-market-2023-tickets-686010163867?aff=ebdssbdestsearch,,Friday • 8:30 AM,"Clarke County Ruritan Fairgrounds 890 West Main Street Berryville, VA 22611",The Old Lucketts Store and Vintage Markets,,https://www.facebook.com/LuckettsStore,https://www.twitter.com/luckettstore,
Texas,Washington,Carmine,"Original Round Top Antiques Fair - Fall 2023 Antique Week, Round Top, TX",https://www.eventbrite.com/e/original-round-top-antiques-fair-fall-2023-antique-week-round-top-tx-tickets-681784133697?aff=ebdssbdestsearch,,"Mon, Oct 23 •  9:00 AM ","Big Red Barn Event Center 475 Texas Hwy 237 South Carmine, TX 78932",The Original Round Top Antiques Fair,http://www.roundtoptexasantiques.com,https://www.facebook.com/OriginalRoundTopAntiquesFair,https://www.twitter.com/RTantiquesTX,
New York,New York,New York,New York African Restaurant Week  Festival 2023,https://www.eventbrite.com/e/new-york-african-restaurant-week-festival-2023-tickets-258083844727?aff=ebdssbdestsearch,,Saturday • 11:00 AM,"City College - Harlem 160 Convent Avenue New York, NY 10031",African Restaurant Week,http://africanrestaurantweek.com,https://www.facebook.com/nyafricanrestaurantweek,,
Utah,Salt Lake,Salt Lake City,Get Freaky 2023,https://www.eventbrite.com/e/get-freaky-2023-tickets-698509559897?aff=ebdssbdestsearch,,,"The Great Saltair 12408 W Saltair Dr Magna, UT 84101",V2 PRESENTS,https://v2presents.com,https://www.facebook.com/v2presents,https://www.twitter.com/v2presents,
Virginia,Wise,Big Stone Gap,Blue Highway Fest 2023,https://www.eventbrite.com/e/blue-highway-fest-2023-tickets-469167993097?aff=ebdssbdestsearch,,Today • 9:00 AM,"Big Stone Gap, VA 306 Wood Ave E Big Stone Gap, VA 24219","Blue Highway and Big Stone Gap, Virginia",https://bluehighwayfest.com/,,,
Florida,Hillsborough,Tampa,Oktoberfest Tampa 2023  - General Admission,https://www.eventbrite.com/e/oktoberfest-tampa-2023-general-admission-tickets-616444240317?aff=ebdssbdestsearch,,Friday • 4:00 PM,"Curtis Hixon Waterfront Park 600 N. Ashley Drive Tampa, FL 33602",Oktoberfest Tampa Host Committee,,https://www.facebook.com/OktoberfestTampa,https://www.twitter.com/OktoberfestTPA,
New York,New York,New York,Chelsea Film Festival 2023 Passes,https://www.eventbrite.com/e/chelsea-film-festival-2023-passes-tickets-662463184217?aff=ebdssbdestsearch,,Tomorrow • 6:00 PM,"Regal Union Square 4DX & ScreenX 850 Broadway New York, NY 10003",Chelsea Film Festival,,https://www.facebook.com/chelseafilmfestival,https://www.twitter.com/chelseafilm,
Tennessee,Jefferson,Dandridge,Lakeside of the Smokies Balloon Fest 2023,https://www.eventbrite.com/e/lakeside-of-the-smokies-balloon-fest-2023-tickets-616561982487?aff=ebdssbdestsearch,,"Sat, Oct 28 •  2:00 PM ","Shrader Family Farm | Jefferson County, TN 295 West Dumplin Valley Road Dandridge, TN 37725",Lakeside of the Smokies Balloon Fest,https://www.lotsballoonfest.com,https://www.facebook.com/369294633857837,https://www.twitter.com/lotsballoonfest,
