State,County,City,Title,Link,Price,Date Time,Location,Organiser,Website Link,Facebook Link,Twitter Link,Instagram Link
Massachusetts,Barnstable,Wellfleet,"Wellfleet OysterFest / Saturday October 14, 2023",https://www.eventbrite.com/e/wellfleet-oysterfest-saturday-october-14-2023-tickets-695436869397?aff=ebdssbdestsearch,,Saturday • 10:00 AM,"Wellfleet Town Hall 300 Main Street Wellfleet, MA 02667",Wellfleet Oyster Alliance - (Wellfleet SPAT),https://wellfleetspat.org,,https://www.twitter.com/wellfleetspat,
New York,Ulster,Accord,Wool & Folk™ Festival 2023.,https://www.eventbrite.com/e/wool-folktm-festival-2023-tickets-654293638887?aff=ebdssbdestsearch,,"Fri, Oct 20 •  12:00 PM ","Foreland 111 Water Street Catskill, NY 12404",Wool & Folk™,https://www.woolandfolk.com/about,,,
North Carolina,Guilford,Greensboro,"GHOE 2023 All Tickets, Sections,  & Access Passes",https://www.eventbrite.com/e/ghoe-2023-all-tickets-sections-access-passes-tickets-628677640747?aff=ebdssbdestsearch,,"Sun, Oct 29 •  10:00 PM ","North Carolina Agricultural and Technical State University 1601 East Market Street Greensboro, NC 27411",Six Stars Entertainment,,,,
Florida,Miami-Dade,Miami Beach,South Beach Seafood Festival,https://www.eventbrite.com/e/south-beach-seafood-festival-tickets-520838059657?aff=ebdssbdestsearch,,"Wed, Oct 18 •  6:30 PM ","Multiple Locations | Check Ticket for Details South Beach Miami Beach, FL 33139",South Beach Seafood Festival,,https://www.facebook.com/sobeseafoodfest,https://www.twitter.com/sobeseafoodfest,
Ohio,Greene,Xenia,"Vintage Market Days®  presents ""Shiny & Bright"" October 27-29",https://www.eventbrite.com/e/vintage-market-days-presents-shiny-bright-october-27-29-tickets-645590387227?aff=ebdssbdestsearch,,"Fri, Oct 27 •  10:00 AM ","Greene County Fairgrounds 120 Fairground Rd Xenia, OH 45385",Vintage Market Days® of Dayton-Cincinnati,,https://www.facebook.com/VMDdaytoncincinnati/,,
Texas,Dallas,Dallas,Dallas Soul Food Festival,https://www.eventbrite.com/e/dallas-soul-food-festival-tickets-690409803307?aff=ebdssbdestsearch,,"Sun, Oct 22 •  12:00 PM ","Lofty Spaces 816 Montgomery Street Dallas, TX 75215",Elite Experience Events Cultural Organization,,https://www.facebook.com/events/404053007083516,,
Virginia,Clarke,Berryville,Fall Market 2023,https://www.eventbrite.com/e/fall-market-2023-tickets-686010163867?aff=ebdssbdestsearch,,Tomorrow • 8:30 AM,"Clarke County Ruritan Fairgrounds 890 West Main Street Berryville, VA 22611",The Old Lucketts Store and Vintage Markets,,https://www.facebook.com/LuckettsStore,https://www.twitter.com/luckettstore,
Texas,Washington,Carmine,"Original Round Top Antiques Fair - Fall 2023 Antique Week, Round Top, TX",https://www.eventbrite.com/e/original-round-top-antiques-fair-fall-2023-antique-week-round-top-tx-tickets-681784133697?aff=ebdssbdestsearch,,"Mon, Oct 23 •  9:00 AM ","Big Red Barn Event Center 475 Texas Hwy 237 South Carmine, TX 78932",The Original Round Top Antiques Fair,http://www.roundtoptexasantiques.com,https://www.facebook.com/OriginalRoundTopAntiquesFair,https://www.twitter.com/RTantiquesTX,
Utah,Salt Lake,Salt Lake City,Get Freaky 2023,https://www.eventbrite.com/e/get-freaky-2023-tickets-698509559897?aff=ebdssbdestsearch,,,"The Great Saltair 12408 W Saltair Dr Magna, UT 84101",V2 PRESENTS,https://v2presents.com,https://www.facebook.com/v2presents,https://www.twitter.com/v2presents,
New York,New York,New York,New York African Restaurant Week  Festival 2023,https://www.eventbrite.com/e/new-york-african-restaurant-week-festival-2023-tickets-258083844727?aff=ebdssbdestsearch,,Saturday • 11:00 AM,"City College - Harlem 160 Convent Avenue New York, NY 10031",African Restaurant Week,http://africanrestaurantweek.com,https://www.facebook.com/nyafricanrestaurantweek,,
New York,New York,New York,2023 IFPDA Print Fair,https://www.eventbrite.com/e/2023-ifpda-print-fair-tickets-632870140627?aff=ebdssbdestsearch,,"Thu, Oct 26 •  12:00 PM ","Jacob K. Javits Convention Center 655 West 34th Street River Pavilion New York, NY 10001",IFPDA | International Fine Print Dealers Assoc,https://www.ifpda.org/,https://www.facebook.com/ifpda,,
New York,New York,New York,Chelsea Film Festival 2023 Passes,https://www.eventbrite.com/e/chelsea-film-festival-2023-passes-tickets-662463184217?aff=ebdssbdestsearch,,Today • 6:00 PM,"Regal Union Square 4DX & ScreenX 850 Broadway New York, NY 10003",Chelsea Film Festival,,https://www.facebook.com/chelseafilmfestival,https://www.twitter.com/chelseafilm,
New York,Kings,Brooklyn,A Current Affair: Pop Up Vintage Marketplace in Brooklyn | Fall 2023,https://www.eventbrite.com/e/a-current-affair-pop-up-vintage-marketplace-in-brooklyn-fall-2023-tickets-606863694647?aff=ebdssbdestsearch,,Saturday • 12:00 PM,"Industry City 51 34th street Brooklyn, NY 11232",A Current Affair,http://itsacurrentaffair.com,https://www.facebook.com/itsacurrentaffair,,
Michigan,Wayne,Detroit,Michigan Brewers Guild 14th Annual Detroit Fall Beer Festival,https://www.eventbrite.com/e/michigan-brewers-guild-14th-annual-detroit-fall-beer-festival-tickets-652354579107?aff=ebdssbdestsearch,,"Sat, Oct 28 •  1:00 PM ","Eastern Market 2934 Russell St Detroit, MI 48207",Michigan Brewers Guild Inc.,https://www.mibeer.com/,https://www.facebook.com/michiganbrewersguild,https://www.twitter.com/mibrewersguild,
Michigan,Wayne,Detroit,MONSTER'S BALL DETROIT 2023,https://www.eventbrite.com/e/monsters-ball-detroit-2023-tickets-489138124297?aff=ebdssbdestsearch,,"Sat, Oct 21 •  8:00 PM ","The Russell Events Center 1600 Clay Street Detroit, MI 48211",Detroit Social Events,,https://www.facebook.com/DetroitSocialEvents/,https://www.twitter.com/DetSocialEvents,
Missouri,St. Louis,Saint Louis,St. Louis Street Food Festival,https://www.eventbrite.com/e/st-louis-street-food-festival-tickets-700360857177?aff=ebdssbdestsearch,,Saturday • 2:00 PM,"Ballpark Village 601 Clark Avenue St. Louis, MO 63102",A Taste of Your Town,,,,
Rhode Island,Providence,Providence,Little City Thrifty Vintage Market,https://www.eventbrite.com/e/little-city-thrifty-vintage-market-tickets-616022087647?aff=ebdssbdestsearch,,,"The WaterFire Arts Center 475 Valley Street Providence, RI 02908",Little City Thrifty,http://www.littlecitythrifty.com,,,
California,San Francisco,San Francisco,How Weird Street Faire 2023,https://www.eventbrite.com/e/how-weird-street-faire-2023-tickets-665483287427?aff=ebdssbdestsearch,,Saturday • 12:00 PM,"Howard Street & 2nd Street 222 Second St. San Francisco, CA 94105",How Weird Street Faire,https://HowWeird.org,https://www.facebook.com/HowWeirdStreetFaire,https://www.twitter.com/@HowWeirdSF,
Texas,Tarrant,Arlington,Texas Taco Festival,https://www.eventbrite.com/e/texas-taco-festival-tickets-660607343347?aff=ebdssbdestsearch,,"Sat, Nov 4 •  2:00 PM ","Texas Live! 1650 East Randol Mill Road Arlington, TX 76011",A Taste of Your Town,,,,
California,Orange,Huntington Beach,2023 California Wine Festival  - Huntington Beach - November 10-11,https://www.eventbrite.com/e/2023-california-wine-festival-huntington-beach-november-10-11-tickets-513451496247?aff=ebdssbdestsearch,,,"Paséa Hotel & Spa 21080 California 1 Huntington Beach, CA 92648",California Wine Festival,https://www.californiawinefestival.com/,https://www.facebook.com/calwinefest,https://www.twitter.com/calwinefest,
